Workbook

Sheet Una Máquina
A1: PRÁCTICA MPI — Mediciones de Rendimiento — UNA MÁQUINA
A2: Rellena las celdas AZULES con los valores que imprime el programa. Las celdas BLANCAS se calculan solas. NI/s = Intentos por segundo | SP = Speedup basado en NI/s
A3: 🔵 Celda azul = dato que introduces tú | ⬜ Celda blanca = calculada automáticamente
C5: Pista: EN | G5: Pista: ABADIA | K5: Pista: PERGAMINO
A6: Nº Procs | B6: Nº Busc. | C6: Tiempo (s) | D6: NI (intentos) | E6: NI/s (intentos/s) | F6: Speedup NI/s | G6: Tiempo (s) | H6: NI (intentos) | I6: NI/s (intentos/s) | J6: Speedup NI/s | K6: Tiempo (s) | L6: NI (intentos) | M6: NI/s (intentos/s) | N6: Speedup NI/s
A7: 2 | B7: =A7-1 | C7: 219.60869 | D7: 103872728 | E7: =IFERROR(D7/C7,"") | F7: =IFERROR(E7/E7,"") | G7: 218.57757 | H7: 103872728 | I7: =IFERROR(H7/G7,"") | J7: =IFERROR(I7/E7,"") | K7: 199.10025 | L7: 103872728 | M7: =IFERROR(L7/K7,"") | N7: =IFERROR(M7/E7,"")
A8: 3 | B8: =A8-1 | C8: 241.27545 | D8: 207171259 | E8: =IFERROR(D8/C8,"") | F8: =IFERROR(E8/E7,"") | G8: 217.50693 | H8: 208142474 | I8: =IFERROR(H8/G8,"") | J8: =IFERROR(I8/E7,"") | K8: 213.55709 | L8: 207879345 | M8: =IFERROR(L8/K8,"") | N8: =IFERROR(M8/E7,"")
A9: 5 | B9: =A9-1 | C9: 71.655579 | D9: 84540816 | E9: =IFERROR(D9/C9,"") | F9: =IFERROR(E9/E7,"") | G9: 78.804294 | H9: 112297721 | I9: =IFERROR(H9/G9,"") | J9: =IFERROR(I9/E7,"") | K9: 50.003056 | L9: 77553098 | M9: =IFERROR(L9/K9,"") | N9: =IFERROR(M9/E7,"")
A10: 9 | B10: =A10-1 | C10: 136.34793 | D10: 169794604 | E10: =IFERROR(D10/C10,"") | F10: =IFERROR(E10/E7,"") | G10: 94.06372 | H10: 155526120 | I10: =IFERROR(H10/G10,"") | J10: =IFERROR(I10/E7,"") | K10: 89.575975 | L10: 161170871 | M10: =IFERROR(L10/K10,"") | N10: =IFERROR(M10/E7,"")
A11: 17 | B11: =A11-1 | C11: 297.53228 | D11: 318742257 | E11: =IFERROR(D11/C11,"") | F11: =IFERROR(E11/E7,"") | G11: 176.44546 | H11: 326184422 | I11: =IFERROR(H11/G11,"") | J11: =IFERROR(I11/E7,"") | K11: 175.91226 | L11: 325713558 | M11: =IFERROR(L11/K11,"") | N11: =IFERROR(M11/E7,"")
A12: 33 | B12: =A12-1 | C12: 279.13263 | D12: 331055021 | E12: =IFERROR(D12/C12,"") | F12: =IFERROR(E12/E7,"") | G12: 182.97258 | H12: 332134890 | I12: =IFERROR(H12/G12,"") | J12: =IFERROR(I12/E7,"") | K12: 211.2803 | L12: 392068296 | M12: =IFERROR(L12/K12,"") | N12: =IFERROR(M12/E7,"")
A13: 65 | B13: =A13-1 | C13: 152.15 | D13: 160557979 | E13: =IFERROR(D13/C13,"") | F13: =IFERROR(E13/E7,"") | G13: 74.989243 | H13: 137552920 | I13: =IFERROR(H13/G13,"") | J13: =IFERROR(I13/E7,"") | K13: 109.16997 | L13: 179980139 | M13: =IFERROR(L13/K13,"") | N13: =IFERROR(M13/E7,"")
A15: CÓMO RELLENAR: • Tiempo (s): el valor 'Tiempo total (proceso 0)' que imprime el programa al final. • NI: el valor 'Intentos totales (todos buscadores)' de la sección TOTALES. • El Speedup usa como referencia los NI/s de 1 proceso con pista EN (fila 1, columna E). → El tiempo NO es fiable para el speedup porque depende de la aleatoriedad de la búsqueda. → Los NI/s SÍ escalan linealmente: con 2 buscadores deberían ser ~el doble que con 1.
A22: Aciertos PISTA en mensaje descifrado (Consultas a proceso de E/S)
B23: 1 | C23: 2 | D23: 4 | E23: 8 | F23: 16 | G23: 32 | H23: 64
A24: EN | B24: 20299467 | C24: 40489088 | D24: 16520385 | E24: 33174905 | F24: 62276720 | G24: 64684128 | H24: 31370883
A25: ABADIA | B25: 12 | C25: 24 | D25: 16 | E25: 20 | F25: 33 | G25: 34 | H25: 21
A26: PERGAMINO | B26: 1 | C26: 1 | D26: 1 | E26: 1 | F26: 1 | G26: 1 | H26: 1

Sheet Varias Máquinas
A1: PRÁCTICA MPI — Mediciones de Rendimiento — VARIAS MÁQUINAS EN RED
A2: Rellena las celdas AZULES con los valores que imprime el programa. Las celdas BLANCAS se calculan solas. NI/s = Intentos por segundo | SP = Speedup basado en NI/s
A3: 🔵 Celda azul = dato que introduces tú | ⬜ Celda blanca = calculada automáticamente
C5: Pista: EN | G5: Pista: ABADIA | K5: Pista: PERGAMINO
A6: Nº Procs | B6: Nº Busc. | C6: Tiempo (s) | D6: NI (intentos) | E6: NI/s (intentos/s) | F6: Speedup NI/s | G6: Tiempo (s) | H6: NI (intentos) | I6: NI/s (intentos/s) | J6: Speedup NI/s | K6: Tiempo (s) | L6: NI (intentos) | M6: NI/s (intentos/s) | N6: Speedup NI/s
A7: 2 | B7: =A7-1 | E7: =IFERROR(D7/C7,"") | F7: =IFERROR(E7/E7,"") | I7: =IFERROR(H7/G7,"") | J7: =IFERROR(I7/E7,"") | M7: =IFERROR(L7/K7,"") | N7: =IFERROR(M7/E7,"")
A8: 3 | B8: =A8-1 | E8: =IFERROR(D8/C8,"") | F8: =IFERROR(E8/E7,"") | I8: =IFERROR(H8/G8,"") | J8: =IFERROR(I8/E7,"") | M8: =IFERROR(L8/K8,"") | N8: =IFERROR(M8/E7,"")
A9: 5 | B9: =A9-1 | E9: =IFERROR(D9/C9,"") | F9: =IFERROR(E9/E7,"") | I9: =IFERROR(H9/G9,"") | J9: =IFERROR(I9/E7,"") | M9: =IFERROR(L9/K9,"") | N9: =IFERROR(M9/E7,"")
A10: 9 | B10: =A10-1 | E10: =IFERROR(D10/C10,"") | F10: =IFERROR(E10/E7,"") | I10: =IFERROR(H10/G10,"") | J10: =IFERROR(I10/E7,"") | M10: =IFERROR(L10/K10,"") | N10: =IFERROR(M10/E7,"")
A11: 17 | B11: =A11-1 | E11: =IFERROR(D11/C11,"") | F11: =IFERROR(E11/E7,"") | I11: =IFERROR(H11/G11,"") | J11: =IFERROR(I11/E7,"") | M11: =IFERROR(L11/K11,"") | N11: =IFERROR(M11/E7,"")
A12: 33 | B12: =A12-1 | E12: =IFERROR(D12/C12,"") | F12: =IFERROR(E12/E7,"") | I12: =IFERROR(H12/G12,"") | J12: =IFERROR(I12/E7,"") | M12: =IFERROR(L12/K12,"") | N12: =IFERROR(M12/E7,"")
A13: 65 | B13: =A13-1 | E13: =IFERROR(D13/C13,"") | F13: =IFERROR(E13/E7,"") | I13: =IFERROR(H13/G13,"") | J13: =IFERROR(I13/E7,"") | M13: =IFERROR(L13/K13,"") | N13: =IFERROR(M13/E7,"")
A15: CÓMO RELLENAR: • Tiempo (s): el valor 'Tiempo total (proceso 0)' que imprime el programa al final. • NI: el valor 'Intentos totales (todos buscadores)' de la sección TOTALES. • El Speedup usa como referencia los NI/s de 1 proceso con pista EN (fila 1, columna E). → El tiempo NO es fiable para el speedup porque depende de la aleatoriedad de la búsqueda. → Los NI/s SÍ escalan linealmente: con 2 buscadores deberían ser ~el doble que con 1.

Sheet Gráficas
A1: GRÁFICAS DE RENDIMIENTO — UNA MÁQUINA
A3: Nº Procs | B3: T EN (s) | C3: T ABADIA (s) | D3: T PERGAMINO (s) | E3: NI/s EN | F3: NI/s ABADIA | G3: NI/s PERGAMINO | H3: SP EN | I3: SP ABADIA | J3: SP PERGAMINO
A4: 1 | B4: ='Una Máquina'!C7 | C4: ='Una Máquina'!G7 | D4: ='Una Máquina'!K7 | E4: ='Una Máquina'!E7 | F4: ='Una Máquina'!I7 | G4: ='Una Máquina'!M7 | H4: ='Una Máquina'!F7 | I4: ='Una Máquina'!J7 | J4: ='Una Máquina'!N7
A5: 2 | B5: ='Una Máquina'!C8 | C5: ='Una Máquina'!G8 | D5: ='Una Máquina'!K8 | E5: ='Una Máquina'!E8 | F5: ='Una Máquina'!I8 | G5: ='Una Máquina'!M8 | H5: ='Una Máquina'!F8 | I5: ='Una Máquina'!J8 | J5: ='Una Máquina'!N8
A6: 4 | B6: ='Una Máquina'!C9 | C6: ='Una Máquina'!G9 | D6: ='Una Máquina'!K9 | E6: ='Una Máquina'!E9 | F6: ='Una Máquina'!I9 | G6: ='Una Máquina'!M9 | H6: ='Una Máquina'!F9 | I6: ='Una Máquina'!J9 | J6: ='Una Máquina'!N9
A7: 8 | B7: ='Una Máquina'!C10 | C7: ='Una Máquina'!G10 | D7: ='Una Máquina'!K10 | E7: ='Una Máquina'!E10 | F7: ='Una Máquina'!I10 | G7: ='Una Máquina'!M10 | H7: ='Una Máquina'!F10 | I7: ='Una Máquina'!J10 | J7: ='Una Máquina'!N10
A8: 16 | B8: ='Una Máquina'!C11 | C8: ='Una Máquina'!G11 | D8: ='Una Máquina'!K11 | E8: ='Una Máquina'!E11 | F8: ='Una Máquina'!I11 | G8: ='Una Máquina'!M11 | H8: ='Una Máquina'!F11 | I8: ='Una Máquina'!J11 | J8: ='Una Máquina'!N11
A9: 32 | B9: ='Una Máquina'!C12 | C9: ='Una Máquina'!G12 | D9: ='Una Máquina'!K12 | E9: ='Una Máquina'!E12 | F9: ='Una Máquina'!I12 | G9: ='Una Máquina'!M12 | H9: ='Una Máquina'!F12 | I9: ='Una Máquina'!J12 | J9: ='Una Máquina'!N12
A10: 64 | B10: ='Una Máquina'!C13 | C10: ='Una Máquina'!G13 | D10: ='Una Máquina'!K13 | E10: ='Una Máquina'!E13 | F10: ='Una Máquina'!I13 | G10: ='Una Máquina'!M13 | H10: ='Una Máquina'!F13 | I10: ='Una Máquina'!J13 | J10: ='Una Máquina'!N13
A72: POR QUÉ SE USA NI/s PARA EL SPEEDUP: Con búsqueda aleatoria cada buscador usa una semilla distinta, por lo que el tiempo total varía entre ejecuciones (la clave puede encontrarse antes o después por azar). Los Intentos/segundo sí escalan de forma determinista: al doblar buscadores se generan ~el doble de claves por segundo. Por tanto el Speedup = NI/s(N buscadores) / NI/s(1 buscador) refleja el paralelismo real. El gráfico de Tiempo se incluye de todas formas para mostrar la variabilidad inherente a la búsqueda aleatoria.
